"Status","Start Time","Stop Time","Duration in ms","Parent Suite","Suite","Sub Suite","Test Class","Test Method","Name","Description"
"passed","Wed Nov 04 11:37:13 CST 2020","Wed Nov 04 11:37:13 CST 2020","0","","test_cacu_yaml","TestCalc","","","test_div[expectpositive]",""
"passed","Wed Nov 04 11:37:13 CST 2020","Wed Nov 04 11:37:13 CST 2020","0","","test_cacu_yaml","TestCalc","","","test_add[positives]",""
"passed","Wed Nov 04 11:37:13 CST 2020","Wed Nov 04 11:37:13 CST 2020","0","","test_cacu_yaml","TestCalc","","","test_add[floats1]",""
"failed","Wed Nov 04 11:37:13 CST 2020","Wed Nov 04 11:37:13 CST 2020","1","","test_cacu_yaml","TestCalc","","","test_mul[zero]",""
"passed","Wed Nov 04 11:37:13 CST 2020","Wed Nov 04 11:37:13 CST 2020","0","","test_cacu_yaml","TestCalc","","","test_div[pos/nage]",""
"passed","Wed Nov 04 11:37:13 CST 2020","Wed Nov 04 11:37:13 CST 2020","0","","test_cacu_yaml","TestCalc","","","test_mul[positive]",""
"passed","Wed Nov 04 11:37:13 CST 2020","Wed Nov 04 11:37:13 CST 2020","0","","test_cacu_yaml","TestCalc","","","test_div[positives]",""
"failed","Wed Nov 04 11:37:13 CST 2020","Wed Nov 04 11:37:13 CST 2020","1","","test_cacu_yaml","TestCalc","","","test_add[nagetives]",""
"passed","Wed Nov 04 11:37:13 CST 2020","Wed Nov 04 11:37:13 CST 2020","1","","test_cacu_yaml","TestCalc","","","test_sub[nagetive]",""
"passed","Wed Nov 04 11:37:13 CST 2020","Wed Nov 04 11:37:13 CST 2020","0","","test_cacu_yaml","TestCalc","","","test_mul[floats]",""
"passed","Wed Nov 04 11:37:13 CST 2020","Wed Nov 04 11:37:13 CST 2020","0","","test_cacu_yaml","TestCalc","","","test_sub[positive]",""
"failed","Wed Nov 04 11:37:13 CST 2020","Wed Nov 04 11:37:13 CST 2020","0","","test_cacu_yaml","TestCalc","","","test_add[floats]",""
"passed","Wed Nov 04 11:37:13 CST 2020","Wed Nov 04 11:37:13 CST 2020","0","","test_cacu_yaml","TestCalc","","","test_div[nagetives]",""
"passed","Wed Nov 04 11:37:13 CST 2020","Wed Nov 04 11:37:13 CST 2020","0","","test_cacu_yaml","TestCalc","","","test_mul[pos+nag]",""
"passed","Wed Nov 04 11:37:13 CST 2020","Wed Nov 04 11:37:13 CST 2020","0","","test_cacu_yaml","TestCalc","","","test_add[positive+nagetive]",""
"passed","Wed Nov 04 11:37:13 CST 2020","Wed Nov 04 11:37:13 CST 2020","0","","test_cacu_yaml","TestCalc","","","test_div[floats]",""
"passed","Wed Nov 04 11:37:13 CST 2020","Wed Nov 04 11:37:13 CST 2020","0","","test_cacu_yaml","TestCalc","","","test_div[expectfloat]",""
"passed","Wed Nov 04 11:37:13 CST 2020","Wed Nov 04 11:37:13 CST 2020","0","","test_cacu_yaml","TestCalc","","","test_mul[nagetive]",""
"passed","Wed Nov 04 11:37:13 CST 2020","Wed Nov 04 11:37:13 CST 2020","0","","test_cacu_yaml","TestCalc","","","test_sub[floats]",""
"failed","Wed Nov 04 11:37:13 CST 2020","Wed Nov 04 11:37:13 CST 2020","0","","test_cacu_yaml","TestCalc","","","test_add[positive1]",""
